filename,width,height,class,xmin,ymin,xmax,ymax
images26.jpg,310,163,hard hat,51,1,89,34
images26.jpg,310,163,hard hat,168,1,222,30
images32.jpg,279,181,high-vis,156,96,207,160
images32.jpg,279,181,hard hat,171,79,206,109
images32.jpg,279,181,hard hat,79,23,84,28
images32.jpg,279,181,high-vis,69,26,80,40
Factory-workers-748x421.jpg,748,421,high-vis,386,1,549,114
images137.jpg,259,194,high-vis,90,59,169,166
images137.jpg,259,194,hard hat,110,5,156,35
canva-construction-workers--MACdaoXVArk.jpg,550,367,hard hat,108,54,180,126
canva-construction-workers--MACdaoXVArk.jpg,550,367,hard hat,242,89,311,154
CQ-M6099-2.jpg,900,1100,hard hat,391,3,565,120
CQ-M6099-2.jpg,900,1100,high-vis,324,432,612,642
5601524-0-image-m-57_1540969681777.jpg,634,846,high-vis,217,177,569,503
5601524-0-image-m-57_1540969681777.jpg,634,846,high-vis,1,347,88,780
female-construction-worker.jpg,768,492,hard hat,125,34,358,170
female-construction-worker.jpg,768,492,high-vis,44,271,507,492
images136.jpg,278,181,hard hat,169,44,201,65
images136.jpg,278,181,high-vis,144,88,218,174
construction-worker-dies.jpg,300,200,hard hat,44,45,89,72
construction-worker-dies.jpg,300,200,hard hat,102,23,146,54
construction-worker-dies.jpg,300,200,hard hat,198,1,251,26
construction-worker-dies.jpg,300,200,high-vis,188,38,299,200
construction-worker-dies.jpg,300,200,high-vis,4,80,80,200
construction-worker-dies.jpg,300,200,high-vis,67,59,161,200
construction-worker-with-technology-1.jpg,1200,568,hard hat,605,63,869,232
construction-worker-with-technology-1.jpg,1200,568,high-vis,580,362,1088,568
images240.jpg,300,168,hard hat,70,1,177,63
images240.jpg,300,168,high-vis,1,122,209,168
images33.jpg,275,183,hard hat,102,43,129,72
images33.jpg,275,183,hard hat,145,52,170,74
images33.jpg,275,183,hard hat,175,11,213,55
images33.jpg,275,183,high-vis,92,68,135,122
images33.jpg,275,183,high-vis,161,68,194,129
images33.jpg,275,183,high-vis,211,21,275,113
1553233009-construction-workers-sydney-960x540.jpg,960,540,hard hat,300,127,363,171
1553233009-construction-workers-sydney-960x540.jpg,960,540,hard hat,395,94,454,133
1553233009-construction-workers-sydney-960x540.jpg,960,540,hard hat,452,135,511,175
1553233009-construction-workers-sydney-960x540.jpg,960,540,hard hat,541,130,610,174
1553233009-construction-workers-sydney-960x540.jpg,960,540,hard hat,622,111,677,156
1553233009-construction-workers-sydney-960x540.jpg,960,540,hard hat,806,129,865,172
1553233009-construction-workers-sydney-960x540.jpg,960,540,high-vis,254,187,404,340
1553233009-construction-workers-sydney-960x540.jpg,960,540,high-vis,530,194,665,354
images27.jpg,275,183,hard hat,16,1,116,43
images27.jpg,275,183,hard hat,105,46,168,76
images27.jpg,275,183,hard hat,195,49,241,85
images27.jpg,275,183,high-vis,1,74,129,183
images27.jpg,275,183,high-vis,102,113,169,183
images27.jpg,275,183,high-vis,170,92,274,183
Apprentice-construction-worker.jpg,795,530,hard hat,236,16,355,94
Apprentice-construction-worker.jpg,795,530,hard hat,398,51,490,132
Apprentice-construction-worker.jpg,795,530,high-vis,147,96,341,309
Apprentice-construction-worker.jpg,795,530,high-vis,374,124,526,356
images242.jpg,175,287,hard hat,78,7,133,43
images31.jpg,275,183,hard hat,162,29,197,56
images31.jpg,275,183,high-vis,140,74,223,183
images25.jpg,275,183,hard hat,20,37,62,66
images25.jpg,275,183,hard hat,79,55,109,83
images25.jpg,275,183,hard hat,123,51,162,77
images25.jpg,275,183,hard hat,199,107,207,114
images25.jpg,275,183,hard hat,267,108,275,113
images25.jpg,275,183,high-vis,1,80,53,182
images25.jpg,275,183,high-vis,53,99,126,183
images25.jpg,275,183,high-vis,127,90,198,183
images25.jpg,275,183,high-vis,262,115,275,144
images25.jpg,275,183,high-vis,197,118,209,129
construction-worker1_grande.jpg,600,600,hard hat,225,5,376,99
construction-worker1_grande.jpg,600,600,high-vis,217,184,410,542
105420523-1535475566932civilengineer.jpg,2000,1334,hard hat,1060,166,1401,416
105420523-1535475566932civilengineer.jpg,2000,1334,high-vis,778,589,1682,1334
height-and-harness.jpg,350,200,hard hat,115,7,163,46
height-and-harness.jpg,350,200,high-vis,92,49,196,149
images134.jpg,284,177,hard hat,108,1,150,37
images134.jpg,284,177,hard hat,213,31,229,45
images134.jpg,284,177,high-vis,121,33,170,115
images134.jpg,284,177,high-vis,197,39,222,65
images120.jpg,266,190,high-vis,107,39,154,116
images120.jpg,266,190,hard hat,112,1,147,29
image48.jpeg,275,183,hard hat,60,1,116,25
image48.jpeg,275,183,hard hat,232,19,254,41
image48.jpeg,275,183,high-vis,207,33,250,85
image48.jpeg,275,183,high-vis,1,38,97,183
Construction-Workers-640x480.jpg,640,480,hard hat,99,151,115,160
Construction-Workers-640x480.jpg,640,480,hard hat,222,10,252,43
Construction-Workers-640x480.jpg,640,480,hard hat,153,162,163,170
Construction-Workers-640x480.jpg,640,480,hard hat,329,114,343,128
Construction-Workers-640x480.jpg,640,480,hard hat,413,109,429,117
Construction-Workers-640x480.jpg,640,480,hard hat,365,133,379,144
Construction-Workers-640x480.jpg,640,480,high-vis,95,164,116,188
Construction-Workers-640x480.jpg,640,480,high-vis,145,173,163,197
Construction-Workers-640x480.jpg,640,480,high-vis,203,48,257,129
Construction-Workers-640x480.jpg,640,480,high-vis,330,128,368,174
Construction-Workers-640x480.jpg,640,480,high-vis,413,124,444,161
eight_col_filippino-worker.jpg,720,450,hard hat,320,142,382,181
eight_col_filippino-worker.jpg,720,450,high-vis,297,202,383,321
images135.jpg,310,163,high-vis,96,56,199,157
images135.jpg,310,163,high-vis,241,28,290,98
images135.jpg,310,163,hard hat,153,13,189,35
images135.jpg,310,163,hard hat,257,5,279,25
4285159752_ba94ea905a_b.jpg,1024,683,hard hat,32,46,235,159
4285159752_ba94ea905a_b.jpg,1024,683,hard hat,274,165,376,239
images24.jpg,275,183,hard hat,49,2,91,26
images24.jpg,275,183,hard hat,118,27,144,47
images24.jpg,275,183,high-vis,13,36,88,122
images30.jpg,287,175,high-vis,1,53,55,148
images30.jpg,287,175,high-vis,102,78,161,175
images30.jpg,287,175,high-vis,157,84,186,175
images30.jpg,287,175,high-vis,209,55,279,153
images30.jpg,287,175,hard hat,212,13,258,41
images30.jpg,287,175,hard hat,4,12,43,37
images30.jpg,287,175,hard hat,108,37,144,63
images30.jpg,287,175,hard hat,138,44,177,72
images243.jpg,261,193,hard hat,179,14,222,41
images243.jpg,261,193,high-vis,176,59,231,169
images243.jpg,261,193,high-vis,83,55,151,165
images247.jpg,275,183,hard hat,20,34,69,64
images247.jpg,275,183,hard hat,137,32,176,57
images247.jpg,275,183,high-vis,118,73,193,165
images247.jpg,275,183,high-vis,6,85,69,182
images34.jpg,275,183,hard hat,112,42,161,92
concrete-worker-hero-WEB.jpg,1200,800,high-vis,498,1,691,357
concrete-worker-hero-WEB.jpg,1200,800,high-vis,382,77,494,191
concrete-worker-hero-WEB.jpg,1200,800,high-vis,1,1,134,143
concrete-worker-hero-WEB.jpg,1200,800,hard hat,581,38,755,177
concrete-worker-hero-WEB.jpg,1200,800,hard hat,173,244,300,369
construction-1914800_960_720.jpg,960,640,hard hat,255,120,334,177
construction-1914800_960_720.jpg,960,640,hard hat,361,77,440,128
construction-1914800_960_720.jpg,960,640,hard hat,488,127,527,158
construction-1914800_960_720.jpg,960,640,hard hat,887,276,942,313
construction-1914800_960_720.jpg,960,640,high-vis,218,209,334,379
construction-1914800_960_720.jpg,960,640,high-vis,365,164,515,381
construction-1914800_960_720.jpg,960,640,high-vis,503,209,599,362
construction-1914800_960_720.jpg,960,640,high-vis,895,333,960,451
image8.jpeg,104,104,hard hat,21,6,70,36
image8.jpeg,104,104,high-vis,4,58,101,104
images125.jpg,300,168,hard hat,108,1,142,14
images125.jpg,300,168,hard hat,146,1,175,13
images125.jpg,300,168,hard hat,159,19,192,47
images125.jpg,300,168,high-vis,109,25,164,122
images119.jpg,274,184,hard hat,19,28,41,56
images119.jpg,274,184,hard hat,104,18,133,53
images119.jpg,274,184,hard hat,159,81,190,110
images119.jpg,274,184,high-vis,167,98,239,152
images119.jpg,274,184,high-vis,110,28,155,84
images119.jpg,274,184,high-vis,28,36,76,84
construction-242797_960_720-1-1-min.jpg,700,525,hard hat,261,42,273,54
construction-242797_960_720-1-1-min.jpg,700,525,hard hat,469,141,486,156
construction-242797_960_720-1-1-min.jpg,700,525,hard hat,523,137,538,148
construction-242797_960_720-1-1-min.jpg,700,525,hard hat,549,132,561,143
construction-242797_960_720-1-1-min.jpg,700,525,hard hat,524,52,537,65
construction-242797_960_720-1-1-min.jpg,700,525,hard hat,305,258,319,276
construction-242797_960_720-1-1-min.jpg,700,525,hard hat,502,207,516,218
construction-242797_960_720-1-1-min.jpg,700,525,hard hat,130,265,146,281
home-teaser-about.jpg,480,208,hard hat,132,1,222,46
home-teaser-about.jpg,480,208,hard hat,101,15,146,68
home-teaser-about.jpg,480,208,high-vis,110,75,257,208
home-teaser-about.jpg,480,208,high-vis,80,93,125,177
cus0017k.jpg,350,250,hard hat,148,1,196,33
cus0017k.jpg,350,250,high-vis,142,54,205,150
images124.jpg,275,183,hard hat,116,8,161,41
images124.jpg,275,183,high-vis,89,76,188,183
construction-people.jpg,1000,913,hard hat,191,51,329,159
construction-people.jpg,1000,913,hard hat,392,93,481,160
construction-people.jpg,1000,913,hard hat,582,98,676,176
construction-people.jpg,1000,913,hard hat,713,22,880,140
hays_1314278.png,600,300,hard hat,255,7,338,65
hays_1314278.png,600,300,hard hat,421,6,528,77
hays_1314278.png,600,300,hard hat,92,65,120,89
images130.jpg,88,222,hard hat,14,61,35,83
image9.jpeg,104,104,high-vis,35,7,67,25
images21.jpg,264,191,hard hat,16,13,114,103
images35.jpg,350,144,hard hat,209,31,227,46
images35.jpg,350,144,hard hat,74,56,86,74
images246.jpg,268,188,high-vis,80,93,98,120
images246.jpg,268,188,high-vis,150,111,202,154
images246.jpg,268,188,high-vis,173,87,187,103
images246.jpg,268,188,high-vis,220,72,227,82
images246.jpg,268,188,hard hat,75,85,84,94
images246.jpg,268,188,hard hat,124,109,146,138
images246.jpg,268,188,hard hat,177,76,185,82
images246.jpg,268,188,hard hat,220,67,225,71
images23.jpg,275,183,high-vis,61,62,129,141
images23.jpg,275,183,hard hat,64,18,110,48
images37.jpg,348,145,hard hat,99,16,129,33
4-Quick-Strategies-For-Construction-Profits.jpg,900,600,hard hat,160,1,404,64
4-Quick-Strategies-For-Construction-Profits.jpg,900,600,hard hat,568,1,666,84
4-Quick-Strategies-For-Construction-Profits.jpg,900,600,hard hat,612,1,790,52
4-Quick-Strategies-For-Construction-Profits.jpg,900,600,high-vis,100,93,535,600
4-Quick-Strategies-For-Construction-Profits.jpg,900,600,high-vis,585,196,900,593
images126.jpg,299,168,hard hat,120,9,154,31
images132.jpg,276,183,hard hat,84,3,129,32
images132.jpg,276,183,hard hat,12,57,78,100
images132.jpg,276,183,high-vis,74,58,136,130
64987215-bricklaying-construction-worker-mason-bricklayer-installing-red-brick-with-trowel-putty-knife-outdoo.jpg,1300,867,hard hat,801,15,1024,186
01---Women-at-Work_ENRready.jpg,900,550,hard hat,17,36,132,115
01---Women-at-Work_ENRready.jpg,900,550,hard hat,342,118,455,196
01---Women-at-Work_ENRready.jpg,900,550,hard hat,436,139,552,222
01---Women-at-Work_ENRready.jpg,900,550,hard hat,671,41,811,123
01---Women-at-Work_ENRready.jpg,900,550,high-vis,1,164,175,446
01---Women-at-Work_ENRready.jpg,900,550,high-vis,309,257,508,550
01---Women-at-Work_ENRready.jpg,900,550,high-vis,491,274,580,535
01---Women-at-Work_ENRready.jpg,900,550,high-vis,655,176,869,467
construction-worker-198x300.jpg,198,300,high-vis,35,78,181,245
construction-worker-198x300.jpg,198,300,hard hat,61,1,116,43
image_e8a2b36d28.jpg,770,563,high-vis,191,370,266,479
image_e8a2b36d28.jpg,770,563,high-vis,304,312,393,434
image_e8a2b36d28.jpg,770,563,high-vis,441,325,526,428
image_e8a2b36d28.jpg,770,563,hard hat,468,286,518,322
image_e8a2b36d28.jpg,770,563,hard hat,324,259,376,299
image_e8a2b36d28.jpg,770,563,hard hat,208,312,276,352
images133.jpg,242,208,high-vis,85,66,168,197
images133.jpg,242,208,hard hat,65,134,107,182
105323669-1531324756600sinadecaroll.jpg,2000,2666,hard hat,980,142,1193,315
construction-worker-repair-si.png,765,900,hard hat,250,1,507,137
images245.jpg,311,162,high-vis,32,77,150,162
images36.jpg,201,251,hard hat,23,6,177,114
images36.jpg,201,251,high-vis,24,180,198,231
images22.jpg,275,183,hard hat,72,34,95,49
images22.jpg,275,183,hard hat,102,23,127,35
images22.jpg,275,183,hard hat,140,34,151,44
images22.jpg,275,183,hard hat,255,79,270,88
images22.jpg,275,183,high-vis,63,63,94,104
images22.jpg,275,183,high-vis,107,46,146,104
images22.jpg,275,183,high-vis,145,59,172,103
images22.jpg,275,183,high-vis,256,94,275,127
images79.jpg,225,225,hard hat,97,4,142,35
images236.jpg,275,183,hard hat,66,1,275,75
images45.jpg,275,183,hard hat,144,1,201,20
images45.jpg,275,183,high-vis,114,67,233,178
images51.jpg,221,228,hard hat,88,1,175,58
images168.jpg,310,163,high-vis,81,71,216,163
images168.jpg,310,163,hard hat,117,1,198,36
images6.jpg,275,183,hard hat,188,56,203,74
images140.jpg,385,131,high-vis,176,12,212,56
images140.jpg,385,131,high-vis,248,9,322,100
images140.jpg,385,131,hard hat,161,1,178,20
images140.jpg,385,131,hard hat,224,1,252,30
images154.jpg,297,170,high-vis,179,50,196,65
images154.jpg,297,170,high-vis,221,47,248,62
construction-header.jpg,500,350,hard hat,349,36,440,146
images183.jpg,275,183,hard hat,66,12,112,41
images183.jpg,275,183,high-vis,55,71,134,183
images197.jpg,275,183,hard hat,151,13,232,69
image28.jpeg,300,168,hard hat,53,11,132,62
image28.jpeg,300,168,hard hat,142,10,186,55
image28.jpeg,300,168,hard hat,233,41,275,70
image28.jpeg,300,168,high-vis,2,94,108,168
image28.jpeg,300,168,high-vis,93,64,175,168
image28.jpeg,300,168,high-vis,231,90,300,167
48840842-construction-worker-.jpg,906,1300,hard hat,360,17,614,189
images196.jpg,275,183,hard hat,112,39,127,55
images196.jpg,275,183,hard hat,171,73,186,86
images196.jpg,275,183,high-vis,94,51,120,87
images196.jpg,275,183,high-vis,163,84,184,108
allerton-recruitment-banner-4.jpg,900,240,hard hat,367,9,493,92
images182.jpg,300,168,high-vis,141,46,172,90
images182.jpg,300,168,hard hat,151,26,171,40
eight_col_38855144_l.jpg,720,450,hard hat,364,173,472,267
eight_col_38855144_l.jpg,720,450,hard hat,347,315,517,450
images141.jpg,283,178,high-vis,115,64,182,162
images141.jpg,283,178,hard hat,98,125,119,161
construction_worker.jpg,866,577,hard hat,407,1,717,176
7682-consultants-passport.jpg,350,200,hard hat,77,37,139,87
7682-consultants-passport.jpg,350,200,hard hat,183,10,247,52
7682-consultants-passport.jpg,350,200,high-vis,48,100,153,200
7682-consultants-passport.jpg,350,200,high-vis,191,76,291,200
images169.jpg,295,171,hard hat,246,80,255,89
images7.jpg,275,183,hard hat,60,76,73,93
images7.jpg,275,183,hard hat,119,73,133,86
images7.jpg,275,183,high-vis,31,79,63,113
images7.jpg,275,183,high-vis,119,78,158,106
2e5e71ed-da81-4611-acd3-4795c0c37596-lg.jpg,618,412,high-vis,256,148,531,412
2e5e71ed-da81-4611-acd3-4795c0c37596-lg.jpg,618,412,high-vis,326,1,447,49
BeAnApprenticeImage1.jpg,910,494,hard hat,432,79,579,176
BeAnApprenticeImage1.jpg,910,494,hard hat,621,102,691,160
BeAnApprenticeImage1.jpg,910,494,high-vis,412,198,670,484
BeAnApprenticeImage1.jpg,910,494,high-vis,667,130,819,263
71U20ZUcT2BL._SL1500_.jpg,1500,1500,hard hat,616,37,938,257
71U20ZUcT2BL._SL1500_.jpg,1500,1500,high-vis,547,467,1016,1278
13b4a6a0-1d2e-4200-9806-423efc5d6b6f-640-360.jpg,640,360,hard hat,162,1,484,51
images93.jpg,211,239,high-vis,41,103,175,181
images93.jpg,211,239,hard hat,75,1,145,46
images87.jpg,284,178,hard hat,138,17,242,91
images87.jpg,284,178,high-vis,134,102,257,175
images223.jpg,275,183,hard hat,62,26,171,121
images44.jpg,382,132,high-vis,121,69,194,132
images44.jpg,382,132,high-vis,183,58,236,132
images44.jpg,382,132,high-vis,227,90,280,132
images44.jpg,382,132,hard hat,258,25,285,47
images44.jpg,382,132,hard hat,226,46,265,69
images44.jpg,382,132,hard hat,200,19,232,41
images44.jpg,382,132,hard hat,152,24,186,42
images237.jpg,192,263,hard hat,70,21,100,36
images237.jpg,192,263,high-vis,55,57,118,142
Construction-2016-23-of-55.jpg,570,360,high-vis,269,141,403,247
Construction-2016-23-of-55.jpg,570,360,high-vis,352,157,397,214
Construction-2016-23-of-55.jpg,570,360,high-vis,411,130,554,348
Construction-2016-23-of-55.jpg,570,360,high-vis,500,326,569,360
images209.jpg,275,183,hard hat,124,60,132,69
images209.jpg,275,183,hard hat,169,142,180,150
images209.jpg,275,183,hard hat,258,59,266,69
images209.jpg,275,183,hard hat,180,60,189,67
images209.jpg,275,183,hard hat,167,45,177,52
images209.jpg,275,183,hard hat,87,26,95,33
images52.jpg,188,269,hard hat,104,59,126,74
images52.jpg,188,269,high-vis,101,88,134,147
images221.jpg,356,142,hard hat,49,49,64,57
images221.jpg,356,142,hard hat,74,51,88,60
images221.jpg,356,142,hard hat,99,51,112,60
images221.jpg,356,142,hard hat,121,53,134,62
images221.jpg,356,142,hard hat,146,53,160,60
images221.jpg,356,142,hard hat,173,55,185,65
images221.jpg,356,142,hard hat,194,58,207,66
images221.jpg,356,142,hard hat,215,51,229,59
images221.jpg,356,142,hard hat,236,52,249,59
images221.jpg,356,142,hard hat,259,46,271,54
images221.jpg,356,142,hard hat,284,46,298,54
images221.jpg,356,142,high-vis,42,66,65,104
images221.jpg,356,142,high-vis,69,65,92,99
images221.jpg,356,142,high-vis,94,66,115,97
images221.jpg,356,142,high-vis,119,67,141,104
images221.jpg,356,142,high-vis,142,65,166,101
images221.jpg,356,142,high-vis,166,70,188,105
images221.jpg,356,142,high-vis,189,72,209,106
images221.jpg,356,142,high-vis,210,66,229,100
images221.jpg,356,142,high-vis,232,64,256,102
images221.jpg,356,142,high-vis,257,62,281,100
images221.jpg,356,142,high-vis,281,60,309,98
construction-workers-to-get-lean-period-assistance-in-puducherry.jpg,1200,900,high-vis,197,342,347,624
construction-workers-to-get-lean-period-assistance-in-puducherry.jpg,1200,900,high-vis,306,358,480,691
construction-workers-to-get-lean-period-assistance-in-puducherry.jpg,1200,900,high-vis,453,308,587,547
construction-workers-to-get-lean-period-assistance-in-puducherry.jpg,1200,900,high-vis,622,409,1014,898
construction-workers-to-get-lean-period-assistance-in-puducherry.jpg,1200,900,high-vis,981,292,1156,561
construction-workers-to-get-lean-period-assistance-in-puducherry.jpg,1200,900,hard hat,356,215,473,308
construction-workers-to-get-lean-period-assistance-in-puducherry.jpg,1200,900,hard hat,458,208,533,260
construction-workers-to-get-lean-period-assistance-in-puducherry.jpg,1200,900,hard hat,596,126,897,286
construction-workers-to-get-lean-period-assistance-in-puducherry.jpg,1200,900,hard hat,968,168,1112,238
images46.jpg,193,262,hard hat,104,22,136,40
dv176046a.jpg,340,222,hard hat,209,96,250,132
dv176046a.jpg,340,222,hard hat,95,29,101,34
dv176046a.jpg,340,222,hard hat,106,42,112,46
dv176046a.jpg,340,222,high-vis,193,118,250,190
dv176046a.jpg,340,222,high-vis,84,32,96,49
construction-worker-hard-hats-gkb-construction-llp-architectural-engineering-construction-foreman-construction-worker.jpg,800,684,high-vis,60,216,406,659
construction-worker-hard-hats-gkb-construction-llp-architectural-engineering-construction-foreman-construction-worker.jpg,800,684,high-vis,447,227,728,652
construction-worker-hard-hats-gkb-construction-llp-architectural-engineering-construction-foreman-construction-worker.jpg,800,684,hard hat,236,34,381,152
construction-worker-hard-hats-gkb-construction-llp-architectural-engineering-construction-foreman-construction-worker.jpg,800,684,hard hat,437,8,622,133
images91.jpg,300,168,hard hat,71,53,94,82
images91.jpg,300,168,hard hat,111,64,140,86
images91.jpg,300,168,hard hat,146,45,160,54
images91.jpg,300,168,hard hat,255,59,269,70
images91.jpg,300,168,high-vis,56,78,108,158
images91.jpg,300,168,high-vis,116,83,155,142
images91.jpg,300,168,high-vis,137,57,160,82
images91.jpg,300,168,high-vis,254,76,272,104
images91.jpg,300,168,high-vis,266,97,300,119
images85.jpg,168,300,hard hat,69,61,128,104
images85.jpg,168,300,high-vis,34,125,143,276
21716840-construction-worker-in-safety-protective-work-wear-ruling-construction-machinery-loader-at-building-Stock-Photo-e1439946157944.jpg,1300,879,high-vis,89,358,467,879
21716840-construction-worker-in-safety-protective-work-wear-ruling-construction-machinery-loader-at-building-Stock-Photo-e1439946157944.jpg,1300,879,hard hat,237,91,487,277
images157.jpg,284,177,hard hat,186,64,228,91
images157.jpg,284,177,hard hat,170,83,181,92
images180.jpg,300,168,hard hat,121,44,145,61
images180.jpg,300,168,hard hat,210,10,241,32
images180.jpg,300,168,high-vis,208,36,272,147
images180.jpg,300,168,high-vis,102,73,150,136
168-1688877_construction-worker-transparent-background.png,920,1025,hard hat,342,40,542,177
images195.jpg,259,194,hard hat,28,47,54,60
images195.jpg,259,194,hard hat,109,96,138,114
images195.jpg,259,194,hard hat,233,95,259,121
images195.jpg,259,194,hard hat,152,15,169,30
images142.jpg,284,177,hard hat,97,1,130,9
images156.jpg,275,183,high-vis,180,89,267,183
images156.jpg,275,183,hard hat,179,31,238,63
images156.jpg,275,183,hard hat,109,10,154,53
images156.jpg,275,183,hard hat,258,15,275,36
images156.jpg,275,183,hard hat,8,78,23,86
Ear-Muffs-Construction.jpg,422,281,hard hat,99,1,420,118
builder.jpg,1110,736,hard hat,483,6,627,125
images90.jpg,183,275,hard hat,74,33,103,54
images234.jpg,275,183,hard hat,23,6,33,12
images234.jpg,275,183,hard hat,85,8,96,15
images234.jpg,275,183,hard hat,106,15,119,27
images234.jpg,275,183,hard hat,131,38,141,51
images234.jpg,275,183,hard hat,153,24,163,31
images234.jpg,275,183,hard hat,184,28,195,37
images47.jpg,275,183,hard hat,90,17,149,60
images47.jpg,275,183,high-vis,78,86,193,178
images53.jpg,275,183,high-vis,55,77,138,178
images53.jpg,275,183,hard hat,75,8,121,38
images57.jpg,355,142,hard hat,109,2,144,25
images57.jpg,355,142,hard hat,172,17,199,40
images57.jpg,355,142,hard hat,251,5,280,27
images57.jpg,355,142,high-vis,94,35,143,134
images57.jpg,355,142,high-vis,247,35,304,133
10802087-plump-construction-worker-isolated-in-white.jpg,798,1200,hard hat,402,132,532,238
10802087-plump-construction-worker-isolated-in-white.jpg,798,1200,high-vis,223,255,552,647
images218.jpg,275,183,high-vis,1,78,104,180
images218.jpg,275,183,high-vis,171,95,261,183
images218.jpg,275,183,hard hat,171,23,248,69
images218.jpg,275,183,hard hat,30,2,104,44
images94.jpg,340,148,hard hat,86,2,116,24
images94.jpg,340,148,hard hat,175,29,205,49
images94.jpg,340,148,hard hat,255,1,288,18
images94.jpg,340,148,high-vis,78,46,137,94
images94.jpg,340,148,high-vis,166,68,219,118
images94.jpg,340,148,high-vis,235,39,318,127
images80.jpg,276,183,hard hat,31,45,46,54
images80.jpg,276,183,hard hat,70,50,87,61
images80.jpg,276,183,hard hat,124,64,138,79
images80.jpg,276,183,high-vis,16,56,45,95
images80.jpg,276,183,high-vis,66,63,92,100
images80.jpg,276,183,high-vis,114,72,148,103
Carpenter-Photo-stationaryfuelcells.jpg,600,399,hard hat,323,62,388,97
construction-worker-smoking-stock-images_csp53098452.jpg,270,195,hard hat,15,14,116,105
images152.jpg,224,225,hard hat,31,10,135,79
images146.jpg,275,183,hard hat,21,66,42,80
images146.jpg,275,183,hard hat,65,57,86,68
images146.jpg,275,183,hard hat,89,79,109,92
images146.jpg,275,183,hard hat,103,69,122,79
images146.jpg,275,183,hard hat,125,64,146,76
images146.jpg,275,183,hard hat,160,55,181,67
images146.jpg,275,183,hard hat,204,57,224,71
images146.jpg,275,183,hard hat,238,47,260,59
images146.jpg,275,183,high-vis,9,90,51,151
images146.jpg,275,183,high-vis,51,81,89,138
images146.jpg,275,183,high-vis,197,84,235,135
images146.jpg,275,183,high-vis,230,73,271,127
images0.jpg,194,259,hard hat,47,34,144,96
images0.jpg,194,259,high-vis,36,146,194,257
images191.jpg,296,170,hard hat,22,2,75,47
images191.jpg,296,170,hard hat,186,55,213,83
images191.jpg,296,170,high-vis,33,61,151,170
images191.jpg,296,170,high-vis,194,76,258,143
handsome-young-topless-construction-stock-images_csp59141753.jpg,450,320,hard hat,310,25,365,67
images185.jpg,183,275,hard hat,94,119,142,143
images185.jpg,183,275,high-vis,87,169,163,275
image12.jpeg,104,104,hard hat,33,1,56,10
hard-hats-construction-foreman-finger-construction-worker-architectural-engineering-others.jpg,800,1116,hard hat,305,18,506,163
hard-hats-construction-foreman-finger-construction-worker-architectural-engineering-others.jpg,800,1116,high-vis,67,296,731,823
image13.jpeg,104,104,high-vis,26,41,95,102
image13.jpeg,104,104,hard hat,42,1,84,9
496459540.jpg,0,0,hard hat,147,1,398,145
496459540.jpg,0,0,hard hat,615,139,700,202
9417812-serious-male-construction-worker-in-safety-vest-and-hard-hat.jpg,866,1300,high-vis,270,254,553,644
9417812-serious-male-construction-worker-in-safety-vest-and-hard-hat.jpg,866,1300,hard hat,345,43,494,158
construction-worker-2.jpg,325,322,hard hat,93,4,200,84
construction-worker-2.jpg,325,322,high-vis,24,134,248,320
images184.jpg,275,183,hard hat,120,44,140,55
fotolia_6371172_XS.jpg,283,424,hard hat,150,184,220,222
fotolia_6371172_XS.jpg,283,424,high-vis,133,260,250,424
images1.jpg,275,183,high-vis,62,47,105,94
images1.jpg,275,183,high-vis,203,56,243,93
images1.jpg,275,183,hard hat,80,24,105,38
images1.jpg,275,183,hard hat,216,36,244,54
images153.jpg,275,183,hard hat,125,32,153,62
images153.jpg,275,183,high-vis,87,62,145,142
119269054-female-construction-worker-smiling-at-camera-in-empty-warehouse.jpg,1300,867,high-vis,639,325,1117,867
119269054-female-construction-worker-smiling-at-camera-in-empty-warehouse.jpg,1300,867,hard hat,742,53,928,196
69_Fisk_IRT_work_vests_jeh.jpg,1884,1584,hard hat,213,317,331,422
69_Fisk_IRT_work_vests_jeh.jpg,1884,1584,hard hat,997,374,1103,455
69_Fisk_IRT_work_vests_jeh.jpg,1884,1584,hard hat,1302,586,1389,672
69_Fisk_IRT_work_vests_jeh.jpg,1884,1584,high-vis,172,430,361,675
69_Fisk_IRT_work_vests_jeh.jpg,1884,1584,high-vis,945,474,1113,720
69_Fisk_IRT_work_vests_jeh.jpg,1884,1584,high-vis,1295,659,1481,894
Allan-Lemmie.jpg,720,560,hard hat,323,55,429,130
Allan-Lemmie.jpg,720,560,high-vis,233,220,539,509
images81.jpg,300,168,high-vis,51,52,121,145
images81.jpg,300,168,high-vis,257,20,270,40
images95.jpg,259,194,high-vis,84,116,181,183
images95.jpg,259,194,high-vis,217,138,259,183
images95.jpg,259,194,hard hat,210,96,249,120
images95.jpg,259,194,hard hat,108,65,157,95
architectural-engineering-construction-worker-laborer-industry-building-building.jpg,770,820,hard hat,83,51,169,125
architectural-engineering-construction-worker-laborer-industry-building-building.jpg,770,820,hard hat,286,60,366,131
architectural-engineering-construction-worker-laborer-industry-building-building.jpg,770,820,hard hat,401,1,484,67
architectural-engineering-construction-worker-laborer-industry-building-building.jpg,770,820,hard hat,615,52,697,111
images231.jpg,275,183,hard hat,187,4,224,28
images231.jpg,275,183,high-vis,175,55,247,167
images42.jpg,275,183,high-vis,51,1,151,120
images225.jpg,275,183,hard hat,174,22,204,42
images225.jpg,275,183,high-vis,161,60,216,135
images56.jpg,275,183,hard hat,128,17,177,53
images56.jpg,275,183,high-vis,95,81,181,178
images56.jpg,275,183,high-vis,43,92,81,156
images56.jpg,275,183,hard hat,48,63,71,80
images56.jpg,275,183,hard hat,114,66,133,83
images233.jpg,300,168,hard hat,98,84,110,92
images233.jpg,300,168,hard hat,188,1,260,43
images233.jpg,300,168,high-vis,157,85,300,168
images233.jpg,300,168,high-vis,93,96,122,130
images227.jpg,299,168,hard hat,126,39,172,70
images227.jpg,299,168,hard hat,161,16,199,46
images227.jpg,299,168,hard hat,210,17,244,44
images227.jpg,299,168,high-vis,202,49,247,92
images227.jpg,299,168,high-vis,127,59,198,152
images227.jpg,299,168,high-vis,58,64,134,152
images68.jpg,275,183,hard hat,140,4,194,39
images83.jpg,318,159,hard hat,126,16,209,85
images97.jpg,287,175,hard hat,119,20,181,64
images97.jpg,287,175,hard hat,211,22,249,45
images97.jpg,287,175,high-vis,219,61,254,104
images97.jpg,287,175,high-vis,88,90,211,174
3-8-18-save-the-life-of-a-construction-worker.jpg,1000,480,hard hat,280,100,324,129
3-8-18-save-the-life-of-a-construction-worker.jpg,1000,480,hard hat,394,104,431,132
3-8-18-save-the-life-of-a-construction-worker.jpg,1000,480,hard hat,505,107,540,130
3-8-18-save-the-life-of-a-construction-worker.jpg,1000,480,hard hat,549,111,594,147
3-8-18-save-the-life-of-a-construction-worker.jpg,1000,480,hard hat,630,101,674,143
3-8-18-save-the-life-of-a-construction-worker.jpg,1000,480,hard hat,733,96,774,128
3-8-18-save-the-life-of-a-construction-worker.jpg,1000,480,hard hat,956,193,982,220
3-8-18-save-the-life-of-a-construction-worker.jpg,1000,480,hard hat,530,41,534,44
3-8-18-save-the-life-of-a-construction-worker.jpg,1000,480,hard hat,812,134,821,141
3-8-18-save-the-life-of-a-construction-worker.jpg,1000,480,hard hat,859,139,866,143
3-8-18-save-the-life-of-a-construction-worker.jpg,1000,480,high-vis,262,159,349,268
3-8-18-save-the-life-of-a-construction-worker.jpg,1000,480,high-vis,372,157,449,255
3-8-18-save-the-life-of-a-construction-worker.jpg,1000,480,high-vis,474,166,582,255
3-8-18-save-the-life-of-a-construction-worker.jpg,1000,480,high-vis,587,157,675,272
3-8-18-save-the-life-of-a-construction-worker.jpg,1000,480,high-vis,720,148,787,272
3-8-18-save-the-life-of-a-construction-worker.jpg,1000,480,high-vis,780,148,798,183
3-8-18-save-the-life-of-a-construction-worker.jpg,1000,480,high-vis,811,143,821,163
3-8-18-save-the-life-of-a-construction-worker.jpg,1000,480,high-vis,528,47,536,61
3-8-18-save-the-life-of-a-construction-worker.jpg,1000,480,high-vis,917,206,966,237
GettyImages-509818865.jpg,1120,640,hard hat,484,139,610,235
GettyImages-509818865.jpg,1120,640,hard hat,762,127,888,216
GettyImages-509818865.jpg,1120,640,high-vis,422,305,679,640
GettyImages-509818865.jpg,1120,640,high-vis,760,255,1068,592
images145.jpg,225,225,hard hat,67,27,130,74
images186.jpg,274,184,high-vis,24,79,95,184
images186.jpg,274,184,hard hat,49,24,104,53
images192.jpg,279,181,hard hat,121,7,168,41
images192.jpg,279,181,hard hat,16,28,37,45
images192.jpg,279,181,hard hat,41,37,63,53
images192.jpg,279,181,hard hat,106,34,126,50
images192.jpg,279,181,hard hat,223,42,241,55
images192.jpg,279,181,hard hat,261,44,279,55
images192.jpg,279,181,high-vis,217,70,247,123
500_F_220822281_s418CUMsCxYy1haq0N8iIggh4NHBNx06.jpg,500,334,hard hat,141,47,204,88
500_F_220822281_s418CUMsCxYy1haq0N8iIggh4NHBNx06.jpg,500,334,high-vis,104,121,204,288
image11.jpeg,104,104,hard hat,34,1,56,12
D929_20_664_1200.jpg,1200,800,hard hat,197,165,282,217
D929_20_664_1200.jpg,1200,800,hard hat,307,153,398,207
D929_20_664_1200.jpg,1200,800,hard hat,717,181,795,249
D929_20_664_1200.jpg,1200,800,hard hat,923,81,1023,138
D929_20_664_1200.jpg,1200,800,high-vis,138,278,338,550
D929_20_664_1200.jpg,1200,800,high-vis,271,255,432,492
D929_20_664_1200.jpg,1200,800,high-vis,738,248,897,438
D929_20_664_1200.jpg,1200,800,high-vis,889,199,1095,492
image10.jpeg,104,104,high-vis,34,7,67,25
images187.jpg,271,186,hard hat,62,18,99,55
images187.jpg,271,186,hard hat,115,1,185,58
Civil-engineer-1200x800.jpg,1200,801,hard hat,661,254,781,343
Civil-engineer-1200x800.jpg,1200,801,hard hat,869,168,1033,265
Civil-engineer-1200x800.jpg,1200,801,high-vis,538,400,813,789
Civil-engineer-1200x800.jpg,1200,801,high-vis,825,352,1123,751
construction-worker-569126_1920.jpg,1540,800,high-vis,463,258,928,708
construction-worker-569126_1920.jpg,1540,800,hard hat,614,1,825,143
dreamstime_m_27190836-466x311.jpg,466,311,hard hat,109,64,168,114
dreamstime_m_27190836-466x311.jpg,466,311,hard hat,218,46,282,99
AdobeStock_192077668.jpg,2697,1800,hard hat,1382,45,1907,395
images69.jpg,259,194,hard hat,29,63,37,68
images69.jpg,259,194,hard hat,124,79,134,86
images69.jpg,259,194,hard hat,196,99,212,110
images69.jpg,259,194,hard hat,243,105,259,113
images55.jpg,358,141,hard hat,228,15,274,43
images226.jpg,284,177,hard hat,191,8,242,43
images41.jpg,193,262,hard hat,84,31,117,64
images41.jpg,193,262,high-vis,64,68,122,147
images232.jpg,268,188,hard hat,122,1,151,40
images232.jpg,268,188,high-vis,60,6,141,82
images58.jpg,275,183,high-vis,24,99,118,178
images58.jpg,275,183,high-vis,123,88,194,178
images58.jpg,275,183,hard hat,47,47,89,85
images58.jpg,275,183,hard hat,116,39,158,76
images217.jpg,274,184,hard hat,222,57,233,69
images217.jpg,274,184,hard hat,81,108,97,119
images217.jpg,274,184,hard hat,120,10,132,21
images217.jpg,274,184,high-vis,111,20,138,39
images64.jpg,183,275,hard hat,18,77,59,104
images64.jpg,183,275,hard hat,78,81,115,105
images64.jpg,183,275,hard hat,150,158,159,165
images70.jpg,263,192,hard hat,165,4,214,39
images70.jpg,263,192,high-vis,145,65,245,182
images70.jpg,263,192,high-vis,92,81,102,94
images70.jpg,263,192,high-vis,53,98,65,111
images70.jpg,263,192,high-vis,42,97,53,111
construction-worker-costume.jpg,1750,2500,hard hat,654,33,1142,336
construction-worker-front-raw_grande.jpg,300,457,hard hat,95,14,208,95
construction-worker-front-raw_grande.jpg,300,457,high-vis,70,146,224,386
36310482-group-of-construction-workers-.jpg,1300,835,hard hat,152,187,272,279
36310482-group-of-construction-workers-.jpg,1300,835,hard hat,377,197,495,292
36310482-group-of-construction-workers-.jpg,1300,835,hard hat,555,104,748,244
36310482-group-of-construction-workers-.jpg,1300,835,hard hat,787,190,915,279
36310482-group-of-construction-workers-.jpg,1300,835,hard hat,1035,188,1146,277
images149.jpg,219,194,hard hat,138,5,180,33
70576204-handsome-construction-worker-building-brick-wall.jpg,1300,867,hard hat,583,16,848,204
images161.jpg,275,183,hard hat,89,1,157,50
images175.jpg,275,183,high-vis,131,87,159,118
images175.jpg,275,183,high-vis,90,110,106,129
images175.jpg,275,183,high-vis,205,101,225,124
images175.jpg,275,183,hard hat,91,102,98,107
images175.jpg,275,183,hard hat,137,75,148,82
images175.jpg,275,183,hard hat,205,92,213,97
exhausted-construction-worker-stock-image_csp21141368.jpg,295,470,hard hat,91,41,154,83
exhausted-construction-worker-stock-image_csp21141368.jpg,295,470,high-vis,93,115,176,232
image21.jpeg,275,183,hard hat,184,4,242,50
image21.jpeg,275,183,hard hat,31,51,55,73
image21.jpeg,275,183,hard hat,66,62,92,79
image21.jpeg,275,183,hard hat,109,72,138,91
image21.jpeg,275,183,hard hat,144,58,167,77
image20.jpeg,188,268,hard hat,68,5,122,36
a0463f1dbe3d2c48e2013df526f57d6b.jpg,394,535,high-vis,164,94,263,195
a0463f1dbe3d2c48e2013df526f57d6b.jpg,394,535,hard hat,192,26,248,55
images174.jpg,297,170,hard hat,142,1,209,38
images174.jpg,297,170,high-vis,126,77,241,170
images160.jpg,246,205,hard hat,93,15,126,34
images148.jpg,272,185,high-vis,115,103,236,185
images148.jpg,272,185,hard hat,136,1,215,52
12382556874_292795beae_b.jpg,1024,768,hard hat,124,226,210,285
12382556874_292795beae_b.jpg,1024,768,hard hat,314,196,373,281
12382556874_292795beae_b.jpg,1024,768,hard hat,403,269,432,343
12382556874_292795beae_b.jpg,1024,768,high-vis,91,298,218,531
12382556874_292795beae_b.jpg,1024,768,high-vis,361,170,540,288
12382556874_292795beae_b.jpg,1024,768,high-vis,420,279,611,440
images71.jpg,196,257,hard hat,16,115,59,144
images71.jpg,196,257,hard hat,131,134,175,163
images202.jpg,183,275,hard hat,71,19,127,57
images202.jpg,183,275,high-vis,38,94,150,245
images65.jpg,173,292,hard hat,69,4,123,41
images216.jpg,263,192,hard hat,115,16,190,65
images216.jpg,263,192,high-vis,92,105,242,175
images59.jpg,275,183,hard hat,10,43,35,57
images59.jpg,275,183,hard hat,26,41,47,56
images59.jpg,275,183,hard hat,43,55,59,66
images59.jpg,275,183,hard hat,65,56,82,70
images59.jpg,275,183,hard hat,106,52,123,66
images59.jpg,275,183,hard hat,144,39,165,53
images59.jpg,275,183,hard hat,209,50,229,66
images59.jpg,275,183,high-vis,1,70,32,123
images59.jpg,275,183,high-vis,27,69,44,120
images59.jpg,275,183,high-vis,42,74,57,118
images59.jpg,275,183,high-vis,56,77,87,125
images59.jpg,275,183,high-vis,99,74,134,117
images73.jpg,275,183,hard hat,95,43,134,75
images73.jpg,275,183,hard hat,212,35,255,63
images73.jpg,275,183,high-vis,68,90,141,178
images73.jpg,275,183,high-vis,203,83,269,178
images67.jpg,301,167,hard hat,166,23,188,49
images214.jpg,283,178,hard hat,16,68,46,87
images214.jpg,283,178,hard hat,92,63,118,82
images214.jpg,283,178,hard hat,135,64,163,84
images214.jpg,283,178,hard hat,210,46,258,75
images214.jpg,283,178,high-vis,72,94,129,137
construction-worker-hardhat-laborer-09-mar-2017.jpeg.jpg,621,414,hard hat,333,23,451,122
construction-worker-hardhat-laborer-09-mar-2017.jpeg.jpg,621,414,high-vis,279,184,496,414
Dont-put-your-business-at-risk-with-substandard-materials-or-staff_673_6049761_0_14107828_1000-1160x665.jpg,1160,665,hard hat,670,120,784,199
const-worker-with-001.jpg,460,276,hard hat,107,8,202,78
const-worker-with-001.jpg,460,276,high-vis,97,87,279,276
construction-worker-helmet.jpg,640,360,hard hat,194,67,306,187
construction-worker-helmet.jpg,640,360,hard hat,3,44,106,199
construction-worker-helmet.jpg,640,360,hard hat,302,88,322,129
construction-worker-helmet.jpg,640,360,hard hat,467,85,617,208
images176.jpg,275,183,hard hat,124,14,143,26
images176.jpg,275,183,hard hat,204,92,275,173
images162.jpg,284,177,high-vis,85,87,103,108
images162.jpg,284,177,hard hat,50,57,65,67
images162.jpg,284,177,hard hat,91,79,99,84
image23.jpeg,183,275,hard hat,73,8,104,31
image23.jpeg,183,275,high-vis,57,54,117,132
construction-worker-presents-stock-image_csp1120066.jpg,300,470,hard hat,83,36,132,77
Construction-workers-GettyImages-1064953482-resized.jpg,795,530,high-vis,70,358,338,530
Construction-workers-GettyImages-1064953482-resized.jpg,795,530,high-vis,296,280,550,530
Construction-workers-GettyImages-1064953482-resized.jpg,795,530,hard hat,162,103,361,230
Construction-workers-GettyImages-1064953482-resized.jpg,795,530,hard hat,343,94,504,212
Construction-Worker612.jpg,612,408,high-vis,222,181,358,363
Construction-Worker612.jpg,612,408,high-vis,378,172,490,313
Construction-Worker612.jpg,612,408,high-vis,464,143,598,348
Construction-Worker612.jpg,612,408,hard hat,274,96,351,154
Construction-Worker612.jpg,612,408,hard hat,403,73,469,127
Construction-Worker612.jpg,612,408,hard hat,455,53,553,114
construction-jobs.jpg,870,490,high-vis,22,155,264,490
construction-jobs.jpg,870,490,high-vis,440,232,671,490
construction-jobs.jpg,870,490,high-vis,1,181,37,213
construction-jobs.jpg,870,490,high-vis,342,141,361,154
construction-jobs.jpg,870,490,high-vis,338,95,348,110
construction-jobs.jpg,870,490,high-vis,373,99,381,109
construction-jobs.jpg,870,490,high-vis,390,99,398,111
construction-jobs.jpg,870,490,hard hat,123,17,280,179
construction-jobs.jpg,870,490,hard hat,387,41,579,183
construction-jobs.jpg,870,490,hard hat,346,133,354,139
6356bfc4459dcdf9b9a2c92933e63591.jpg,480,400,hard hat,184,28,247,71
images99.jpg,300,168,high-vis,133,56,148,89
images99.jpg,300,168,high-vis,148,55,169,81
images99.jpg,300,168,high-vis,184,54,207,85
images99.jpg,300,168,hard hat,185,40,201,48
images99.jpg,300,168,hard hat,151,42,166,49
images99.jpg,300,168,hard hat,136,44,149,52
images99.jpg,300,168,hard hat,116,47,133,56
images66.jpg,275,183,hard hat,49,1,123,19
images66.jpg,275,183,high-vis,33,32,163,178
images66.jpg,275,183,high-vis,177,61,275,178
images229.jpg,265,190,hard hat,121,56,159,100
images229.jpg,265,190,hard hat,172,34,216,69
canva-construction-worker-with-hard-hat-MACeMMzFLEc.jpg,366,550,hard hat,193,60,271,157
images62.jpg,262,192,hard hat,29,3,94,62
images62.jpg,262,192,high-vis,27,77,140,172
construction-workers-pouring-cement-on-roof.jpg,1800,1350,hard hat,488,4,659,171
construction-workers-pouring-cement-on-roof.jpg,1800,1350,hard hat,204,322,343,420
construction-workers-pouring-cement-on-roof.jpg,1800,1350,hard hat,1339,172,1467,313
construction-workers-pouring-cement-on-roof.jpg,1800,1350,high-vis,1232,347,1500,701
construction-workers-pouring-cement-on-roof.jpg,1800,1350,high-vis,212,450,437,728
construction-workers-pouring-cement-on-roof.jpg,1800,1350,high-vis,846,700,874,729
images239.jpg,275,183,hard hat,175,16,198,37
images239.jpg,275,183,high-vis,186,35,218,78
1307-PAARI-Fenway-Center-128.jpg,2048,1463,high-vis,53,695,421,1235
1307-PAARI-Fenway-Center-128.jpg,2048,1463,high-vis,784,669,1108,1172
1307-PAARI-Fenway-Center-128.jpg,2048,1463,high-vis,1321,698,1701,1208
1307-PAARI-Fenway-Center-128.jpg,2048,1463,hard hat,161,466,391,614
1307-PAARI-Fenway-Center-128.jpg,2048,1463,hard hat,857,445,1028,579
1307-PAARI-Fenway-Center-128.jpg,2048,1463,hard hat,1443,502,1608,631
1307-PAARI-Fenway-Center-128.jpg,2048,1463,hard hat,1680,464,1871,602
images89.jpg,334,151,high-vis,110,74,162,150
images89.jpg,334,151,hard hat,12,67,53,97
construction-workers-in-site-office.jpg,340,440,high-vis,71,62,175,210
construction-workers-in-site-office.jpg,340,440,high-vis,180,104,276,216
construction-workers-in-site-office.jpg,340,440,high-vis,1,152,93,324
construction-workers-in-site-office.jpg,340,440,hard hat,254,197,320,254
800px_COLOURBOX3128524.jpg,530,800,hard hat,197,179,328,277
800px_COLOURBOX3128524.jpg,530,800,high-vis,160,385,396,797
construction-workers-India.jpg,800,550,hard hat,95,294,114,306
construction-workers-India.jpg,800,550,hard hat,20,382,42,404
construction-workers-India.jpg,800,550,hard hat,131,305,147,316
construction-workers-India.jpg,800,550,hard hat,180,301,195,310
construction-workers-India.jpg,800,550,hard hat,213,299,225,308
construction-workers-India.jpg,800,550,hard hat,50,338,66,348
construction-workers-India.jpg,800,550,hard hat,545,345,565,363
construction-workers-India.jpg,800,550,hard hat,599,365,608,381
construction-workers-India.jpg,800,550,hard hat,701,411,717,426
construction-workers-India.jpg,800,550,hard hat,733,290,742,295
construction-workers-India.jpg,800,550,hard hat,748,319,756,325
construction-workers-India.jpg,800,550,hard hat,690,317,698,322
images173.jpg,251,201,hard hat,93,1,240,65
images9.jpg,275,183,hard hat,90,19,130,51
images9.jpg,275,183,hard hat,213,54,223,67
images9.jpg,275,183,high-vis,49,75,142,182
images9.jpg,275,183,high-vis,204,68,225,97
images167.jpg,310,162,hard hat,145,58,154,65
images167.jpg,310,162,high-vis,143,69,157,88
images167.jpg,310,162,high-vis,91,119,117,139
images167.jpg,310,162,high-vis,193,120,227,155
images167.jpg,310,162,high-vis,110,69,123,86
four_col_Construction_worker_on_Guam.jpg,576,768,high-vis,100,278,271,559
four_col_Construction_worker_on_Guam.jpg,576,768,hard hat,222,173,321,267
images198.jpg,184,274,hard hat,47,17,114,70
Apprentice_male3.width-400.width-400.png,400,454,high-vis,74,195,337,454
Apprentice_male3.width-400.width-400.png,400,454,hard hat,147,2,270,86
image33.jpeg,275,183,high-vis,1,55,57,183
image33.jpeg,275,183,high-vis,39,64,104,177
image33.jpeg,275,183,high-vis,119,71,168,154
image33.jpeg,275,183,hard hat,8,2,75,44
image33.jpeg,275,183,hard hat,64,28,107,51
image33.jpeg,275,183,hard hat,118,37,156,67
houston-tx.-july-6-2017.-construction-worker-cynthia-tercero-at-a-building-site-at-the-texas-medical-center-in-downtown-houston.-gabriel-cristo__ver-pe__reztexas-standard-e1518019326581.jpg,799,533,high-vis,361,146,562,423
houston-tx.-july-6-2017.-construction-worker-cynthia-tercero-at-a-building-site-at-the-texas-medical-center-in-downtown-houston.-gabriel-cristo__ver-pe__reztexas-standard-e1518019326581.jpg,799,533,hard hat,513,59,621,166
images199.jpg,199,253,hard hat,98,6,152,45
960x0.jpg,960,598,hard hat,172,67,209,94
960x0.jpg,960,598,hard hat,520,142,563,164
960x0.jpg,960,598,high-vis,116,102,246,199
960x0.jpg,960,598,high-vis,538,176,593,248
images166.jpg,355,142,hard hat,241,70,275,95
images166.jpg,355,142,high-vis,231,99,330,141
images172.jpg,275,183,high-vis,36,73,130,183
images172.jpg,275,183,high-vis,143,91,241,183
images172.jpg,275,183,hard hat,151,28,209,68
images172.jpg,275,183,hard hat,63,3,130,45
images238.jpg,275,183,hard hat,62,32,105,64
images238.jpg,275,183,hard hat,134,44,164,68
images238.jpg,275,183,hard hat,170,6,222,38
images238.jpg,275,183,high-vis,171,61,243,146
images238.jpg,275,183,high-vis,111,80,158,151
images238.jpg,275,183,high-vis,1,49,76,153
images210.jpg,379,133,hard hat,110,34,124,44
images210.jpg,379,133,high-vis,106,47,125,75
images63.jpg,275,183,hard hat,160,9,207,42
images204.jpg,284,177,hard hat,143,68,186,106
images204.jpg,284,177,high-vis,137,124,205,177
_dsf4442-1000.jpg,1000,667,hard hat,421,187,476,226
_dsf4442-1000.jpg,1000,667,hard hat,554,199,611,242
_dsf4442-1000.jpg,1000,667,hard hat,884,234,941,268
_dsf4442-1000.jpg,1000,667,high-vis,421,227,524,390
_dsf4442-1000.jpg,1000,667,high-vis,563,251,649,403
_dsf4442-1000.jpg,1000,667,high-vis,887,269,962,403
36035044-friendly-construction-worker-in-the-road-holding-up-a-stop-sign-.jpg,1300,866,hard hat,504,59,701,207
36035044-friendly-construction-worker-in-the-road-holding-up-a-stop-sign-.jpg,1300,866,high-vis,426,303,824,866
images49.jpg,187,269,hard hat,75,4,127,40
female-construction-worker_getty-images.jpg,1409,794,high-vis,338,263,704,794
female-construction-worker_getty-images.jpg,1409,794,hard hat,431,1,724,180
images164.jpg,259,194,hard hat,37,46,65,62
images164.jpg,259,194,hard hat,62,54,83,72
images164.jpg,259,194,hard hat,113,63,137,75
images164.jpg,259,194,hard hat,180,51,205,78
images164.jpg,259,194,high-vis,109,88,150,142
images164.jpg,259,194,high-vis,53,83,86,109
images164.jpg,259,194,high-vis,20,79,60,162
images158.jpg,275,183,hard hat,40,32,61,45
images158.jpg,275,183,hard hat,103,38,121,54
images158.jpg,275,183,hard hat,131,49,154,63
images158.jpg,275,183,hard hat,153,45,173,56
images158.jpg,275,183,high-vis,95,58,126,90
image18.jpeg,225,225,high-vis,88,51,129,118
image18.jpeg,225,225,hard hat,98,18,122,32
build-builder-carry-585419.jpg,1200,800,hard hat,654,41,878,253
build-builder-carry-585419.jpg,1200,800,high-vis,651,334,942,800
image25.jpeg,311,162,hard hat,71,10,119,45
image25.jpeg,311,162,hard hat,126,31,169,65
image25.jpeg,311,162,hard hat,206,7,253,38
image25.jpeg,311,162,high-vis,49,63,115,153
image25.jpeg,311,162,high-vis,113,87,203,162
image25.jpeg,311,162,high-vis,209,69,282,162
construction-worker-in-new-house_fa24658450.jpg,220,194,hard hat,139,6,181,33
eight_col_76976800_l.jpg,720,480,hard hat,446,155,475,182
eight_col_76976800_l.jpg,720,480,hard hat,76,362,117,377
eight_col_76976800_l.jpg,720,480,high-vis,460,175,508,225
eight_col_76976800_l.jpg,720,480,high-vis,64,392,134,480
images159.jpg,275,183,high-vis,43,77,127,183
images159.jpg,275,183,hard hat,65,23,107,50
images171.jpg,297,170,hard hat,128,37,163,63
images171.jpg,297,170,hard hat,205,33,236,58
images171.jpg,297,170,high-vis,110,80,179,170
images171.jpg,297,170,high-vis,202,67,284,158
images165.jpg,275,183,high-vis,190,81,259,168
images165.jpg,275,183,high-vis,123,94,187,180
images165.jpg,275,183,hard hat,153,58,182,77
images165.jpg,275,183,hard hat,202,38,237,61
1124677415.jpg,670,502,hard hat,283,14,401,92
1124677415.jpg,670,502,high-vis,236,160,433,430
ht_wheres_waldo_construction_childrens_hospital_em_160719_4x3_992.jpg,992,744,hard hat,534,181,707,313
ht_wheres_waldo_construction_childrens_hospital_em_160719_4x3_992.jpg,992,744,hard hat,875,122,902,138
ht_wheres_waldo_construction_childrens_hospital_em_160719_4x3_992.jpg,992,744,high-vis,475,394,848,744
construction-safety.jpg,345,245,hard hat,170,5,238,58
construction-safety.jpg,345,245,high-vis,135,100,273,245
images48.jpg,315,160,high-vis,101,83,178,160
images48.jpg,315,160,high-vis,185,79,244,160
images48.jpg,315,160,hard hat,191,25,239,66
images48.jpg,315,160,hard hat,119,29,161,63
images74.jpg,262,192,high-vis,60,65,148,172
images74.jpg,262,192,hard hat,82,6,124,40
images207.jpg,287,175,hard hat,176,39,208,63
images207.jpg,287,175,high-vis,195,59,241,109
custruction-management-2.jpg,570,360,high-vis,4,32,203,356
custruction-management-2.jpg,570,360,high-vis,188,55,294,265
custruction-management-2.jpg,570,360,high-vis,284,14,390,167
custruction-management-2.jpg,570,360,hard hat,355,1,403,36
custruction-management-2.jpg,570,360,hard hat,244,1,311,51
custruction-management-2.jpg,570,360,hard hat,215,1,256,22
images60.jpg,275,183,high-vis,127,68,190,157
images60.jpg,275,183,high-vis,13,81,53,151
images60.jpg,275,183,hard hat,129,18,177,44
images60.jpg,275,183,hard hat,30,32,78,55
images248.jpg,275,183,hard hat,65,25,89,40
images248.jpg,275,183,hard hat,90,19,113,35
images248.jpg,275,183,hard hat,123,33,142,47
images248.jpg,275,183,hard hat,153,18,179,43
images248.jpg,275,183,hard hat,184,30,215,52
images248.jpg,275,183,high-vis,46,47,83,108
images248.jpg,275,183,high-vis,80,42,108,92
images248.jpg,275,183,high-vis,104,53,142,107
images248.jpg,275,183,high-vis,140,48,190,126
images248.jpg,275,183,high-vis,169,69,228,140
construction-working-measuring-building-and-engineering-knowledge.jpg,1500,776,hard hat,687,146,846,354
construction-working-measuring-building-and-engineering-knowledge.jpg,1500,776,hard hat,470,23,545,55
57519479-young-construction-worker-working-at-the-site.jpg,1300,867,hard hat,670,78,936,231
Construction-worker-hard-hat-Construction-Site-Safety-Private-Property-Nigeria.jpg,1200,627,hard hat,543,1,896,248
Construction-worker-hard-hat-Construction-Site-Safety-Private-Property-Nigeria.jpg,1200,627,high-vis,404,439,1127,627
image7.jpeg,104,104,hard hat,21,6,66,35
image7.jpeg,104,104,high-vis,6,55,101,104
images102.jpg,193,262,hard hat,66,16,97,34
images102.jpg,193,262,high-vis,52,51,108,131
images116.jpg,275,183,hard hat,32,60,53,78
images116.jpg,275,183,hard hat,61,60,79,75
images116.jpg,275,183,hard hat,95,60,111,74
images116.jpg,275,183,hard hat,110,46,139,66
images116.jpg,275,183,hard hat,140,54,170,73
images116.jpg,275,183,hard hat,193,53,217,68
images116.jpg,275,183,hard hat,224,46,254,63
images116.jpg,275,183,high-vis,20,76,44,126
images116.jpg,275,183,high-vis,58,77,81,118
images116.jpg,275,183,high-vis,191,80,229,142
images116.jpg,275,183,high-vis,231,72,272,146
7_Different_Types_of_Construction_Jobs.jpg,1500,1000,hard hat,337,278,547,435
7_Different_Types_of_Construction_Jobs.jpg,1500,1000,hard hat,718,575,820,639
7_Different_Types_of_Construction_Jobs.jpg,1500,1000,hard hat,937,508,1040,573
7_Different_Types_of_Construction_Jobs.jpg,1500,1000,hard hat,1188,542,1294,605
construction-influencer.jpg,2000,1333,hard hat,197,35,529,258
construction-influencer.jpg,2000,1333,hard hat,1412,16,1597,189
construction-influencer.jpg,2000,1333,high-vis,1268,206,1685,801
construction-influencer.jpg,2000,1333,high-vis,208,370,837,1199
images117.jpg,175,288,high-vis,56,76,144,244
images117.jpg,175,288,hard hat,48,1,113,61
images103.jpg,275,183,hard hat,80,14,135,58
images103.jpg,275,183,hard hat,138,95,159,115
images103.jpg,275,183,hard hat,169,95,181,109
construction-worker-skills-1024x683.jpeg,1024,683,hard hat,440,246,532,312
construction-worker-skills-1024x683.jpeg,1024,683,high-vis,292,307,446,439
image6.jpeg,104,104,high-vis,21,50,34,65
image6.jpeg,104,104,high-vis,62,60,90,87
image6.jpeg,104,104,high-vis,74,48,83,58
image6.jpeg,104,104,high-vis,68,49,75,58
image6.jpeg,104,104,hard hat,47,60,59,74
image6.jpeg,104,104,hard hat,76,42,81,45
20051817-construction-manager-and-worker-handshake-on-site.jpg,866,1300,hard hat,151,265,278,358
20051817-construction-manager-and-worker-handshake-on-site.jpg,866,1300,hard hat,381,245,515,331
20051817-construction-manager-and-worker-handshake-on-site.jpg,866,1300,high-vis,102,400,319,715
images12.jpg,318,159,hard hat,54,21,67,35
images12.jpg,318,159,high-vis,50,32,71,65
12521592-6943437-image-a-10_1555803960796.jpg,306,448,hard hat,119,8,225,80
12521592-6943437-image-a-10_1555803960796.jpg,306,448,high-vis,64,126,265,390
images249.jpg,275,183,hard hat,80,26,126,69
images38.jpg,298,169,hard hat,24,46,57,67
images38.jpg,298,169,hard hat,100,26,133,52
images38.jpg,298,169,hard hat,179,14,212,38
images38.jpg,298,169,high-vis,172,51,252,169
images38.jpg,298,169,high-vis,93,65,170,157
images38.jpg,298,169,high-vis,3,82,77,169
images10.jpg,183,275,hard hat,94,30,121,54
images10.jpg,183,275,high-vis,52,59,128,148
Construction-Worker-Toddler-Costume-3-4T--Living-Fiction-DS-LF1498TL0.jpg,495,1000,hard hat,115,2,289,105
Construction-Worker-Toddler-Costume-3-4T--Living-Fiction-DS-LF1498TL0.jpg,495,1000,high-vis,65,198,308,610
image4.jpeg,104,104,high-vis,39,2,69,51
construction.jpg,800,480,hard hat,494,62,639,152
construction.jpg,800,480,hard hat,307,236,333,252
construction.jpg,800,480,hard hat,368,249,378,259
construction.jpg,800,480,high-vis,432,239,727,480
construction.jpg,800,480,high-vis,294,265,352,333
construction.jpg,800,480,high-vis,369,267,405,323
1000_15387c928f3281a76093a0ee05bbc9c7.jpg,650,360,hard hat,393,5,468,61
1000_15387c928f3281a76093a0ee05bbc9c7.jpg,650,360,hard hat,516,1,641,70
1000_15387c928f3281a76093a0ee05bbc9c7.jpg,650,360,hard hat,137,150,184,179
1000_15387c928f3281a76093a0ee05bbc9c7.jpg,650,360,high-vis,1,71,120,229
1000_15387c928f3281a76093a0ee05bbc9c7.jpg,650,360,high-vis,369,102,499,241
1000_15387c928f3281a76093a0ee05bbc9c7.jpg,650,360,high-vis,501,86,650,292
images115.jpg,273,185,hard hat,130,16,166,41
images101.jpg,299,168,hard hat,43,1,136,64
275849_low_jpg_srgb.jpg,2600,1733,hard hat,783,427,1040,667
275849_low_jpg_srgb.jpg,2600,1733,hard hat,1619,106,1997,356
275849_low_jpg_srgb.jpg,2600,1733,high-vis,825,632,1376,1222
275849_low_jpg_srgb.jpg,2600,1733,high-vis,1809,344,2395,1268
construction_worker_laborer.jpg,1000,667,hard hat,507,15,678,122
construction_worker_laborer.jpg,1000,667,high-vis,410,225,701,667
construction_worker_laborer.jpg,1000,667,hard hat,246,62,303,111
construction_worker_laborer.jpg,1000,667,hard hat,386,93,445,133
construction_worker_laborer.jpg,1000,667,hard hat,159,120,302,301
construction_worker_laborer.jpg,1000,667,high-vis,305,145,446,316
01---Older-worker_ENRready.jpg,900,550,hard hat,370,62,574,197
01---Older-worker_ENRready.jpg,900,550,hard hat,666,75,777,143
01---Older-worker_ENRready.jpg,900,550,high-vis,269,282,656,550
01---Older-worker_ENRready.jpg,900,550,high-vis,657,193,803,322
image41.jpeg,265,190,hard hat,34,25,76,51
image41.jpeg,265,190,hard hat,119,30,153,54
image41.jpeg,265,190,hard hat,166,22,209,45
image41.jpeg,265,190,high-vis,28,64,88,139
image41.jpeg,265,190,high-vis,105,64,162,132
image41.jpeg,265,190,high-vis,166,58,234,138
77e896b7-b75f-4042-a123-bded3d9e4066-medium16x9_Bethesdashock3.jpg,648,364,hard hat,386,99,404,110
77e896b7-b75f-4042-a123-bded3d9e4066-medium16x9_Bethesdashock3.jpg,648,364,hard hat,461,157,490,181
77e896b7-b75f-4042-a123-bded3d9e4066-medium16x9_Bethesdashock3.jpg,648,364,hard hat,390,145,408,159
77e896b7-b75f-4042-a123-bded3d9e4066-medium16x9_Bethesdashock3.jpg,648,364,hard hat,522,162,540,178
77e896b7-b75f-4042-a123-bded3d9e4066-medium16x9_Bethesdashock3.jpg,648,364,high-vis,70,141,103,171
canva-construction-worker-carrying-a-plywood-MADQ5ihGXWw.jpg,1600,1061,hard hat,919,96,1201,270
Graham-Fagg-Philippe-Cozette-1123831.jpg,590,350,hard hat,303,65,370,104
Graham-Fagg-Philippe-Cozette-1123831.jpg,590,350,hard hat,425,3,524,61
images100.jpg,299,168,high-vis,93,75,112,98
images100.jpg,299,168,high-vis,54,81,70,106
images128.jpg,275,183,hard hat,89,62,111,80
images128.jpg,275,183,hard hat,154,19,174,30
images128.jpg,275,183,hard hat,181,5,206,18
images128.jpg,275,183,high-vis,71,82,111,125
images128.jpg,275,183,high-vis,157,41,181,90
images128.jpg,275,183,high-vis,180,26,213,83
image5.jpeg,104,104,high-vis,38,2,68,51
https3A2F2Fblogs-images.forbes.com2Famymorin2Ffiles2F20162F052FFotolia_103925195_S2.jpg,960,641,hard hat,240,242,358,309
https3A2F2Fblogs-images.forbes.com2Famymorin2Ffiles2F20162F052FFotolia_103925195_S2.jpg,960,641,high-vis,22,341,352,640
e7d1d9bd9bc6fde576b4613ff03f7ace--business-grants-cold-lunches.jpg,266,400,hard hat,97,113,152,161
e7d1d9bd9bc6fde576b4613ff03f7ace--business-grants-cold-lunches.jpg,266,400,hard hat,173,322,245,390
gohba.handcrafts-the-greek-construction-worker-1533506182289.png,0,0,hard hat,135,51,175,81
gohba.handcrafts-the-greek-construction-worker-1533506182289.png,0,0,high-vis,106,112,190,237
gohba.handcrafts-the-greek-construction-worker-1533506182289.png,0,0,high-vis,243,146,289,170
images39.jpg,299,168,high-vis,142,45,194,107
images39.jpg,299,168,hard hat,156,19,180,35
images15.jpg,275,183,high-vis,43,73,127,142
images15.jpg,275,183,high-vis,153,76,245,182
images15.jpg,275,183,hard hat,168,15,218,54
images15.jpg,275,183,hard hat,74,20,120,48
images29.jpg,275,183,hard hat,157,12,198,39
images29.jpg,275,183,high-vis,135,67,239,183
be64a749-0b56-4113-8f02-140513b881f0-Woman_Construction_WEB.jpg,600,400,hard hat,117,175,232,283
42633471-1-f.jpg,480,480,hard hat,208,40,258,70
42633471-1-f.jpg,480,480,high-vis,189,113,273,250
canva-construction-worker-under-the-sun-MACu2fzcbrc.jpg,550,367,hard hat,131,46,213,111
canva-construction-worker-under-the-sun-MACu2fzcbrc.jpg,550,367,high-vis,83,155,255,364
Construction-Worker-Toddler-Costume-3-4T--Living-Fiction-DS-LF1498TL.jpg,300,300,hard hat,110,1,163,28
Construction-Worker-Toddler-Costume-3-4T--Living-Fiction-DS-LF1498TL.jpg,300,300,high-vis,94,61,170,181
construction_cover.jpg,620,413,hard hat,100,54,169,104
construction_cover.jpg,620,413,hard hat,249,83,328,142
construction_cover.jpg,620,413,hard hat,448,170,493,202
construction_cover.jpg,620,413,hard hat,491,222,514,239
construction_cover.jpg,620,413,high-vis,65,160,191,348
construction_cover.jpg,620,413,high-vis,431,211,488,298
construction_cover.jpg,620,413,high-vis,489,245,516,298
image1.jpg,1280,720,hard hat,494,295,554,336
image1.jpg,1280,720,hard hat,841,38,1003,177
image1.jpg,1280,720,high-vis,864,91,1280,531
image1.jpg,1280,720,high-vis,458,366,564,498
images110.jpg,283,178,high-vis,8,15,100,178
images110.jpg,283,178,high-vis,98,21,146,130
images110.jpg,283,178,high-vis,141,8,194,83
images110.jpg,283,178,hard hat,122,1,155,26
images110.jpg,283,178,hard hat,174,1,200,18
eight_col_045_IS09AW2HA.jpg,620,388,hard hat,239,63,342,126
eight_col_045_IS09AW2HA.jpg,620,388,high-vis,222,197,373,314
images104.jpg,275,183,hard hat,79,1,155,40
images104.jpg,275,183,high-vis,38,70,146,178
D943_246_344_1200.jpg,1200,800,high-vis,463,419,849,800
D943_246_344_1200.jpg,1200,800,high-vis,931,415,1200,602
D943_246_344_1200.jpg,1200,800,hard hat,611,141,806,296
images138.jpg,300,168,hard hat,219,1,271,65
images138.jpg,300,168,high-vis,58,3,218,168
construction-worker-stop-sign.jpg,400,300,hard hat,118,29,192,84
construction-worker-stop-sign.jpg,400,300,high-vis,90,124,240,300
construction-worker-for-kids_xl.jpg,1016,1600,high-vis,236,494,880,1521
construction-worker-for-kids_xl.jpg,1016,1600,hard hat,374,38,793,303
images139.jpg,275,183,hard hat,50,31,109,71
images139.jpg,275,183,high-vis,13,107,139,183
images105.jpg,275,183,high-vis,179,57,244,133
images105.jpg,275,183,high-vis,20,69,79,153
images105.jpg,275,183,hard hat,90,9,127,39
images105.jpg,275,183,hard hat,132,15,168,40
images105.jpg,275,183,hard hat,219,93,248,115
images111.jpg,275,183,hard hat,70,18,122,53
images111.jpg,275,183,high-vis,50,86,148,183
gettyimages-11807558421200xx1828-1032-283-382.jpg,1200,677,high-vis,809,192,992,402
gettyimages-11807558421200xx1828-1032-283-382.jpg,1200,677,high-vis,509,235,797,614
gettyimages-11807558421200xx1828-1032-283-382.jpg,1200,677,high-vis,230,254,553,621
gettyimages-11807558421200xx1828-1032-283-382.jpg,1200,677,hard hat,506,154,692,277
gettyimages-11807558421200xx1828-1032-283-382.jpg,1200,677,hard hat,653,64,800,184
gettyimages-11807558421200xx1828-1032-283-382.jpg,1200,677,hard hat,848,69,980,178
canva-construction-worker-with-tool-MADU7ThTXZQ.jpg,550,367,hard hat,279,44,329,89
images28.jpg,300,168,high-vis,1,74,112,168
images28.jpg,300,168,high-vis,73,62,205,168
images28.jpg,300,168,hard hat,14,10,85,55
images28.jpg,300,168,hard hat,70,7,124,41
images16.jpg,180,180,hard hat,16,53,35,72
images16.jpg,180,180,hard hat,60,65,78,80
images16.jpg,180,180,hard hat,55,45,66,56
images16.jpg,180,180,hard hat,69,58,78,68
images16.jpg,180,180,hard hat,105,37,112,44
images16.jpg,180,180,hard hat,99,19,105,23
images16.jpg,180,180,high-vis,1,59,17,98
images16.jpg,180,180,high-vis,79,66,119,95
images16.jpg,180,180,high-vis,91,61,112,70
images16.jpg,180,180,high-vis,46,44,59,56
images16.jpg,180,180,high-vis,96,24,104,35
images16.jpg,180,180,high-vis,118,39,128,51
4843_RolePlay_ConstructionWorker_BoyGirl.jpg,500,500,hard hat,108,52,198,122
4843_RolePlay_ConstructionWorker_BoyGirl.jpg,500,500,hard hat,309,45,410,121
4843_RolePlay_ConstructionWorker_BoyGirl.jpg,500,500,high-vis,66,171,228,393
4843_RolePlay_ConstructionWorker_BoyGirl.jpg,500,500,hard hat,287,170,429,406
images107.jpg,287,176,hard hat,68,44,94,63
images107.jpg,287,176,hard hat,119,43,141,61
images107.jpg,287,176,hard hat,168,46,193,62
images107.jpg,287,176,high-vis,48,75,99,147
images107.jpg,287,176,high-vis,111,69,155,139
images107.jpg,287,176,high-vis,168,77,214,147
Blog-image-gifts.png,548,365,hard hat,305,13,382,69
Beth-Hamedrash-ruins-4.jpg,2048,1536,high-vis,963,903,1113,1115
Beth-Hamedrash-ruins-4.jpg,2048,1536,hard hat,982,816,1063,866
Beth-Hamedrash-ruins-4.jpg,2048,1536,hard hat,1094,853,1282,1042
Beth-Hamedrash-ruins-4.jpg,2048,1536,hard hat,1584,605,1603,619
Beth-Hamedrash-ruins-4.jpg,2048,1536,hard hat,1628,590,1647,600
Beth-Hamedrash-ruins-4.jpg,2048,1536,high-vis,1589,623,1620,667
Construction-Worker-Injured-At-Mine-1024x683.jpg,1024,683,hard hat,227,1,433,94
Construction-Worker-Injured-At-Mine-1024x683.jpg,1024,683,hard hat,864,71,939,149
Construction-Worker-Injured-At-Mine-1024x683.jpg,1024,683,high-vis,778,127,930,312
Construction-Worker-Injured-At-Mine-1024x683.jpg,1024,683,high-vis,652,227,688,275
Construction-Worker-Injured-At-Mine-1024x683.jpg,1024,683,high-vis,1,136,356,679
images112.jpg,200,154,high-vis,1,49,47,147
images112.jpg,200,154,high-vis,120,25,200,90
images112.jpg,200,154,hard hat,1,6,43,30
images112.jpg,200,154,hard hat,70,129,118,153
images106.jpg,176,286,hard hat,55,29,91,60
image3.jpg,689,388,hard hat,38,28,94,68
image3.jpg,689,388,hard hat,128,31,193,67
image3.jpg,689,388,hard hat,254,11,322,49
image3.jpg,689,388,hard hat,334,17,383,55
image3.jpg,689,388,hard hat,480,1,552,57
image3.jpg,689,388,hard hat,642,48,689,82
image3.jpg,689,388,hard hat,669,15,689,48
image3.jpg,689,388,high-vis,363,95,496,243
image3.jpg,689,388,high-vis,114,83,190,203
image3.jpg,689,388,high-vis,8,79,85,246
